transaction_time,merch,cat_id,amount,name_1,name_2,gender,street,one_city,us_state,post_code,lat,lon,population_city,jobs,merchant_lat,merchant_lon
2019-09-14 02:46,"fraud_Stokes, Christiansen and Sipes",grocery_net,25.79,Michael,Rodriguez,M,172 Paula Inlet Apt. 650,Cross Plains,TX,76443,32.1482,-99.1872,1897,Chief Operating Officer,31.772057,-99.103183
2019-07-25 20:30,fraud_Thompson-Gleason,health_fitness,87.8,Curtis,Young,M,4319 Watson Shoals Suite 658,Falconer,NY,14733,42.1239,-79.1895,3833,Metallurgist,42.635312,-78.334559
2020-01-05 17:27,fraud_Friesen Inc,shopping_pos,10.98,Brandy,Quinn,F,9734 Beard Fields Suite 885,Altair,TX,77412,29.6047,-96.5249,106,"Editor, film/video",29.363782,-95.624994
2019-07-21 00:14,"fraud_Jenkins, Hauck and Friesen",gas_transport,71.97,Ashley,Mcdonald,F,3160 Tina Estates Suite 234,Marietta,SC,29661,35.0296,-82.5136,5648,Museum/gallery exhibitions officer,35.142659,-82.489028
2019-03-13 00:45,"fraud_Kovacek, Dibbert and Ondricka",grocery_pos,210.5,Kimberly,Rice,F,63991 Destiny Rue Apt. 651,Tyler,TX,75703,32.2768,-95.3031,144160,Sports development officer,31.833016,-94.746542
2019-01-22 18:29,fraud_Renner Ltd,home,76.08,Michelle,Beck,F,2887 Olson Road Suite 439,Minneapolis,MN,55428,45.0632,-93.3811,1022298,Analytical chemist,45.065055,-94.245252
2019-03-24 10:35,"fraud_Swift, Bradtke and Marquardt",grocery_net,34.74,Karen,Warren,F,4900 Curtis Gardens Suite 952,Hahira,GA,31632,30.9416,-83.3574,10295,"Teacher, special educational needs",31.112746,-83.999846
2019-01-27 18:03,"fraud_Langworth, Boehm and Gulgowski",shopping_net,1.02,Lauren,Torres,F,03030 White Lakes,Grandview,TX,76050,32.2779,-97.2351,5875,"Radiographer, therapeutic",31.588018,-96.642319
2019-05-30 09:42,fraud_Dickinson-Rempel,misc_pos,4.61,Richard,Waters,M,7683 Natasha Way Apt. 945,Waukesha,WI,53186,42.9993,-88.2196,95015,"Therapist, occupational",42.484946,-89.058926
2019-09-22 01:15,fraud_Sporer Inc,gas_transport,67.52,Edward,Tapia,M,354 Gutierrez Gateway,Comfrey,MN,56019,44.1111,-94.9134,914,Health and safety adviser,43.742883,-94.634388
2019-03-19 19:38,fraud_Cormier LLC,health_fitness,7.17,Amanda,Vance,F,14601 Downs Skyway Apt. 440,Sterling City,TX,76951,31.8351,-101.0017,1143,"Scientist, biomedical",32.363546,-101.182694
2020-02-23 10:14,"fraud_Lehner, Reichert and Mills",misc_pos,107.49,Gregory,Wood,M,622 Robert Summit,Akron,OH,44307,41.0695,-81.5488,272134,Call centre manager,42.064602,-82.491119
2019-08-22 00:17,fraud_Trantow PLC,grocery_net,50.78,John,Miller,M,153 Mccullough Springs Apt. 857,Lamberton,MN,56152,44.2378,-95.2739,1507,Land/geomatics surveyor,44.805793,-95.968697
2019-01-14 05:35,"fraud_Kutch, Hermiston and Farrell",gas_transport,83.45,Mary,Lewis,F,118 Justin Extension,Bay Minette,AL,36507,30.8635,-87.7644,19090,Science writer,31.640387,-86.978489
2019-07-15 20:27,fraud_Jewess LLC,shopping_pos,8.09,Julia,Bell,F,576 House Crossroad,West Sayville,NY,11796,40.732,-73.1,4056,Film/video editor,40.365357,-73.428607
2019-03-24 12:47,fraud_Kertzmann LLC,health_fitness,115.79,David,Everett,M,4138 David Fall,Morrisdale,PA,16858,41.0001,-78.2357,3688,Advice worker,41.415794,-78.010461
2019-10-26 19:24,"fraud_Cole, Hills and Jewess",home,105.58,Monica,West,F,22084 Smith Roads Suite 776,Hurley,SD,57036,43.2893,-97.1904,811,Neurosurgeon,43.723629,-97.532502
2019-11-06 10:48,"fraud_Streich, Dietrich and Barton",shopping_net,6.77,Denise,Barnett,F,23220 Eaton Harbors,Kirby,OH,43330,40.813,-83.4196,118,Private music teacher,39.973738,-83.896827
2019-05-31 05:50,fraud_Harber Inc,gas_transport,71.06,Bryan,Torres,M,152 James Centers Apt. 768,Detroit,MI,48221,42.426,-83.15,673342,Retail manager,43.14418,-82.209046
2019-08-28 22:07,fraud_Daugherty LLC,kids_pets,99.61,Margaret,Lam,F,6911 Nicholas Keys Apt. 237,Armagh,PA,15920,40.4603,-79.0097,922,Early years teacher,40.42857,-79.661148
2019-12-21 17:25,"fraud_Hermiston, Russel and Price",food_dining,7.86,Stephanie,Hopkins,F,44089 Carrie Crossing Suite 954,Falls City,TX,78113,28.9814,-98.0156,2435,"Engineer, mining",28.053274,-98.13602
2019-10-25 22:32,fraud_Roob-Okuneva,health_fitness,20.86,Joanna,Hudson,F,2924 Bobby Trafficway,Sebring,FL,33872,27.4703,-81.4872,50835,Environmental consultant,26.944859,-82.446001
2019-08-13 18:21,fraud_Lynch-Wisozk,home,34.31,Sabrina,Nolan,F,312 Eric Expressway Apt. 014,Phenix City,AL,36869,32.4204,-85.0796,59744,Chemical engineer,32.901259,-84.825549
2019-03-25 06:27,"fraud_Schultz, Simonis and Little",grocery_pos,27.19,Matthew,Lambert,M,7188 Melissa Crest Apt. 151,New Holstein,WI,53061,43.9446,-88.0911,5196,Child psychotherapist,44.179885,-87.56667
2019-12-18 02:09,fraud_Huels-Nolan,gas_transport,68.87,Tracy,Conway,F,6778 Campos Field,Bonfield,IL,60913,41.1573,-88.0619,1617,Medical secretary,40.876978,-88.838474
2019-07-31 01:49,fraud_Fisher-Schowalter,shopping_net,1.15,Felicia,Mckee,F,84079 Thomas Burgs,Tomales,CA,94971,38.2427,-122.9145,337,Occupational psychologist,38.409387,-122.75876
2019-08-26 14:41,fraud_Pagac LLC,shopping_pos,4.32,David,Wolfe,M,81261 Garcia Underpass Suite 741,Southfield,MI,48034,42.4969,-83.2911,75830,"Engineer, automotive",42.887503,-83.061502
2019-02-16 06:50,"fraud_Connelly, Reichert and Fritsch",gas_transport,68.68,Melissa,Meza,F,244 Abbott Parkway,Loxahatchee,FL,33470,26.7383,-80.276,26551,Paramedic,26.829571,-80.987144
2019-12-09 00:48,fraud_Jacobi and Sons,shopping_pos,133.23,Christian,Roman,M,495 Fisher Throughway,Grand Junction,TN,38039,35.0659,-89.1534,1804,Clothing/textile technologist,34.395759,-89.713683
2019-08-24 07:06,fraud_Bednar Group,misc_net,617.11,Kimberly,Rice,F,63991 Destiny Rue Apt. 651,Tyler,TX,75703,32.2768,-95.3031,144160,Sports development officer,31.550477,-95.119371
2019-10-08 18:21,fraud_White and Sons,home,50.61,Erica,Briggs,F,3310 Davidson Spurs Apt. 107,Oolitic,IN,47451,38.8938,-86.5246,1228,Counsellor,38.557671,-86.551528
2019-01-15 17:51,fraud_Leannon-Ward,food_dining,60.45,William,Thomas,M,39227 Mcpherson Shoals,Lahoma,OK,73754,36.385,-98.0727,1078,Podiatrist,36.876641,-97.742799
2019-06-02 20:39,fraud_Grimes LLC,entertainment,144.52,Kenneth,Doyle,M,8614 Reed Glen,West Harrison,NY,10604,41.0592,-73.7395,11250,Lexicographer,40.261545,-73.610887
2019-10-19 21:31,fraud_Botsford PLC,home,4.74,Christina,Eaton,F,3256 Brooks Field,Eldridge,AL,35554,33.9315,-87.6194,1186,Politician's assistant,33.685937,-87.139475
2019-07-28 09:02,fraud_Pacocha-O'Reilly,grocery_pos,82.85,David,Rodriguez,M,821 Solis Points,Muskegon,MI,49440,43.2326,-86.2492,128715,Historic buildings inspector/conservation officer,43.05874,-86.620656
2019-07-10 13:13,fraud_Frami Group,entertainment,76.15,Edward,Hensley,M,24318 Dixon Mills,Elk Rapids,MI,49629,44.8955,-85.4082,2223,Chief Financial Officer,45.552429,-86.158354
2019-03-24 00:00,"fraud_Reichert, Huels and Hoppe",shopping_net,111.66,Joe,Howard,M,109 Brian Lights Apt. 504,Shippingport,PA,15077,40.6025,-80.3863,198,Secretary/administrator,40.339362,-79.723905
2019-02-06 18:23,fraud_Schmidt-Larkin,home,95.65,Joseph,Nixon,M,86882 Desiree Camp Suite 047,Tyaskin,MD,21865,38.2833,-75.8465,470,Music tutor,37.93165,-75.712533
2019-04-18 15:01,fraud_Bins-Tillman,entertainment,84.52,Xavier,Beltran,M,61107 Edwards Dam Apt. 463,Big Creek,KY,40914,37.1046,-83.5706,467,"Psychologist, forensic",36.376115,-84.112938
2019-11-07 07:49,fraud_Wolf Inc,grocery_pos,99.35,Christopher,Rodgers,M,30587 Fox Shores Apt. 627,Fenelton,PA,16034,40.8555,-79.7372,2054,Communications engineer,40.777694,-80.285105
2019-07-16 00:08,fraud_Bartoletti-Wunsch,gas_transport,32.71,Sarah,Bell,F,6963 Russell Causeway Suite 231,Galatia,IL,62935,37.8274,-88.6235,1943,"Restaurant manager, fast food",38.031922,-87.910333
2019-05-15 03:13,fraud_Pacocha-O'Reilly,grocery_pos,216.07,Shelby,Mitchell,F,974 Cindy Stream,Brandon,VT,5733,43.8065,-73.0882,5895,"Scientist, marine",43.723374,-72.684438
2019-06-15 18:43,fraud_Roob-Okuneva,health_fitness,17.97,Robert,Evans,M,01892 Patricia Vista Apt. 828,Sachse,TX,75048,32.9643,-96.6012,20328,Site engineer,33.0162,-95.888991
2019-07-26 21:50,fraud_Howe Ltd,misc_pos,1.0,Michael,Fisher,M,401 Escobar Port,East Troy,WI,53120,42.8035,-88.4092,9679,"Engineer, production",42.440883,-88.918939
2020-01-30 00:28,fraud_Berge LLC,gas_transport,56.22,Steven,Castaneda,M,46809 Toni Flat Suite 216,Lamy,NM,87540,35.4311,-105.9409,923,Public relations account executive,35.192497,-106.025625
2019-04-05 06:53,fraud_Johns-Hoeger,entertainment,28.73,Gina,Gomez,F,72030 Shelton Crossing Apt. 742,Stirling,NJ,7980,40.6774,-74.4968,2307,Science writer,40.362594,-74.331172
2019-04-21 07:34,"fraud_Ferry, Reichel and DuBuque",grocery_net,4.62,Micheal,Walters,M,15315 Vaughn Park Suite 356,Hovland,MN,55606,47.8342,-90.0476,272,Freight forwarder,47.280442,-89.547483
2019-12-15 12:43,fraud_Friesen Ltd,health_fitness,78.78,Christopher,Horn,M,956 Sanchez Highway,Mallie,KY,41836,37.2692,-82.9161,798,Facilities manager,37.741199,-82.024854
2019-07-11 11:08,fraud_Corwin-Collins,gas_transport,59.9,Kenneth,Robinson,M,269 Sanchez Rapids,Elizabeth,NJ,7208,40.6747,-74.2239,124967,Operational researcher,40.501982,-73.75873
2019-06-22 18:00,fraud_Kub PLC,personal_care,136.56,Erika,Gonzalez,F,907 Courtney Via Apt. 896,Irvine,KY,40336,37.6858,-83.9862,13061,"Editor, magazine features",38.106389,-83.724308
2019-11-09 14:36,fraud_Cummerata-Hilpert,entertainment,44.83,Michael,Olson,M,558 Michael Estates,Luray,MO,63453,40.4931,-91.8912,519,Town planner,40.619782,-92.430624
2019-02-24 14:54,fraud_Thiel Ltd,travel,2.54,Amanda,Vance,F,14601 Downs Skyway Apt. 440,Sterling City,TX,76951,31.8351,-101.0017,1143,"Scientist, biomedical",31.310539,-101.512097
2019-06-27 07:43,fraud_O'Keefe-Hudson,grocery_pos,207.2,Debbie,Hughes,F,0182 Owens Burgs Suite 480,Diamond,OH,44412,41.0935,-81.0425,2644,"Engineer, biomedical",41.11096,-81.031159
2019-12-05 07:10,fraud_Pfeffer LLC,grocery_net,61.13,David,Miller,M,622 Bradley Knoll Apt. 758,Hancock,MD,21750,39.6991,-78.1762,3766,Press photographer,39.059705,-77.538135
2019-07-23 12:09,fraud_Weimann-Lockman,kids_pets,187.27,Maureen,Garza,F,169 Edward Inlet,Saint Louis,MO,63131,38.6171,-90.4504,927396,Occupational hygienist,39.326872,-91.268731
2019-04-20 12:31,"fraud_Runte, Green and Emard",health_fitness,40.47,Bryan,Miller,M,411 Laurie Fords,Cass,WV,24927,38.388,-79.9906,365,Special effects artist,37.626846,-80.068211
2019-08-10 08:57,fraud_Hamill-Daugherty,misc_net,8.94,Debbie,Hughes,F,0182 Owens Burgs Suite 480,Diamond,OH,44412,41.0935,-81.0425,2644,"Engineer, biomedical",40.832982,-81.878498
2019-06-23 19:16,fraud_Hamill-D'Amore,health_fitness,9.34,John,Stevens,M,428 Morgan River,Hudson,NY,12534,42.247,-73.7552,17867,Travel agency manager,42.041665,-74.368629
2019-03-25 18:45,fraud_Champlin and Sons,home,17.71,Amber,Perez,F,954 Reyes Ways,Fulton,SD,57340,43.7588,-97.8712,355,Financial adviser,44.145537,-97.657281
2019-06-21 12:20,fraud_Kessler Group,travel,6.89,Daniel,Escobar,M,61390 Hayes Port,Romulus,MI,48174,42.2203,-83.3583,31515,Police officer,42.373617,-83.614976
2019-02-05 11:27,"fraud_Reilly, Heaney and Cole",gas_transport,58.86,Timothy,Gomez,M,707 Anthony Causeway,Leo,IN,46765,41.2249,-85.0301,5341,Biomedical engineer,40.930063,-84.740771
2019-07-23 10:44,fraud_Sawayn PLC,shopping_pos,3.18,Stephanie,Cummings,F,1025 Robin Square,Ash Flat,AR,72513,36.2201,-91.6421,2856,Hydrologist,36.811728,-92.632027
2019-09-09 03:22,fraud_Lockman Ltd,grocery_pos,106.89,Cassandra,Sanders,F,78117 George Mountains,Paauilo,HI,96776,20.0271,-155.3697,1490,"Scientist, research (maths)",19.131629,-154.945944
2019-11-05 19:10,fraud_Watsica LLC,personal_care,10.63,Mary,Rodriguez,F,8986 Fitzgerald Plains,Winslow,AR,72959,35.8312,-94.1187,2786,Musician,36.443856,-94.618757
2019-12-13 01:24,fraud_Friesen-D'Amore,gas_transport,89.51,Gina,Grimes,F,444 Robert Mews,Clarks Mills,PA,16114,41.3851,-80.1752,606,Energy manager,41.632767,-81.167796
2019-04-27 19:25,"fraud_Daugherty, Pouros and Beahan",shopping_pos,2.44,Christian,Johns,M,892 Solis Neck,Lonsdale,MN,55046,44.4477,-93.4252,5211,Chief Strategy Officer,43.745832,-93.743552
2019-01-20 00:33,"fraud_Bernier, Volkman and Hoeger",misc_net,3.23,Christopher,Gomez,M,950 Dunn Squares,Tickfaw,LA,70466,30.5668,-90.482,8512,"Accountant, chartered public finance",31.299095,-89.817131
2019-09-05 16:07,fraud_Kling-Ernser,entertainment,73.39,Monica,Tucker,F,302 Christina Islands,Smiths Grove,KY,42171,37.0581,-86.1938,6841,"Therapist, sports",37.461702,-86.084126
2019-09-03 18:10,fraud_Yost-Rogahn,personal_care,2.96,Joshua,Carpenter,M,04975 Allison Shoal,Bronx,NY,10463,40.8798,-73.9067,1382480,"Therapist, drama",40.561117,-74.070354
2019-02-17 23:33,"fraud_Lesch, D'Amore and Brown",food_dining,1.1,Micheal,Walters,M,15315 Vaughn Park Suite 356,Hovland,MN,55606,47.8342,-90.0476,272,Freight forwarder,48.829037,-89.218999
2020-02-08 08:42,"fraud_Roob, Conn and Tremblay",shopping_pos,10.86,Michelle,Russell,F,55505 Christy Via,Hawley,MN,56549,46.9777,-96.4092,4508,Naval architect,46.003112,-97.012456
2020-01-25 20:45,fraud_Kihn-Schuster,food_dining,105.99,Tammy,Davis,F,77663 Colleen Freeway,Moundsville,WV,26041,39.9148,-80.731,16183,Physiotherapist,40.157092,-81.678381
2019-11-17 02:05,fraud_Miller-Hauck,grocery_pos,181.62,Ashley,Cabrera,F,94225 Smith Springs Apt. 617,Vero Beach,FL,32960,27.633,-80.4031,105638,"Librarian, public",27.14519,-79.963913
2019-09-19 08:38,fraud_Auer-Mosciski,grocery_pos,120.91,Mary,Humphrey,F,9853 Flynn Hollow Apt. 602,Reynolds,ND,58275,47.7068,-97.2092,733,Visual merchandiser,47.134421,-97.198071
2019-12-01 03:07,"fraud_Wiza, Schaden and Stark",misc_pos,5.4,Willie,Jordan,M,529 West Key,Spearsville,LA,71277,32.955,-92.587,1758,"Psychologist, forensic",33.170237,-92.782245
2020-01-05 18:53,fraud_Jast-McDermott,shopping_pos,172.46,Carrie,Washington,F,6114 Adams Harbor Suite 096,Kingsford Heights,IN,46346,41.4802,-86.6919,1423,"Psychologist, forensic",41.325856,-86.385274
2019-12-16 15:35,fraud_Dooley Inc,shopping_pos,9.86,Tammy,Ayers,F,1652 James Mews,Hinckley,OH,44233,41.2419,-81.7453,7646,Medical sales representative,41.003103,-81.963831
2019-10-12 23:04,fraud_Hilpert-Conroy,kids_pets,249.82,Erik,Patterson,M,162 Jessica Row Apt. 072,Hatch,UT,84735,37.7175,-112.4777,258,Geoscientist,37.689402,-111.631668
2019-10-03 18:59,"fraud_Nienow, Ankunding and Collier",misc_pos,41.62,Cristian,Jones,M,0423 Kirby Field Suite 623,Wilmette,IL,60091,42.0765,-87.7246,27020,Trade mark attorney,41.477021,-88.586636
2019-09-24 08:24,fraud_Kozey-Boehm,shopping_net,3.37,Marcia,Molina,F,6744 Jimmy Extensions,Port Gibson,NY,14537,43.033,-77.1575,207,Database administrator,43.025693,-76.589868
2019-02-21 07:10,fraud_McGlynn-Jaskolski,misc_pos,36.51,Greg,Villarreal,M,2851 Foster Shoals,Schaefferstown,PA,17088,40.3087,-76.2963,823,Gaffer,41.015991,-77.127268
2019-03-03 06:40,fraud_Cummerata-Jones,gas_transport,44.56,Barbara,Taylor,F,0069 Robin Brooks Apt. 695,Elberta,MI,49628,44.5995,-86.2141,372,"Exhibitions officer, museum/gallery",45.303285,-85.613213
2019-05-02 00:28,fraud_Beier-Hyatt,shopping_pos,2.45,Catherine,Weber,F,74890 Rodriguez Springs Apt. 540,West Henrietta,NY,14586,43.0397,-77.6871,10256,"Teacher, primary school",43.421517,-78.527322
2019-03-10 08:16,"fraud_Turcotte, McKenzie and Koss",entertainment,70.99,Jessica,Benitez,F,31281 Thomas Inlet,Montrose,NY,10548,41.2496,-73.9446,3487,Race relations officer,40.693744,-74.759494
2019-02-25 18:07,"fraud_Kihn, Brakus and Goyette",personal_care,4.56,Allison,Allen,F,40624 Rebecca Spurs,De Witt,AR,72042,34.2853,-91.3336,5161,Electrical engineer,33.457611,-91.990921
2019-12-02 17:13,"fraud_Reinger, Weissnat and Strosin",food_dining,33.57,Stephanie,Middleton,F,99736 Rose Shoals Apt. 504,Morrisdale,PA,16858,41.0001,-78.2357,3688,Dispensing optician,40.6085,-78.435843
2019-07-06 16:01,fraud_Schuppe LLC,entertainment,88.7,Justin,Fowler,M,5569 Phillips Neck Apt. 003,Coffeeville,MS,38922,33.9215,-89.6782,3451,Financial trader,34.790913,-89.627009
2019-01-06 10:26,fraud_Emard Inc,gas_transport,48.77,Matthew,Russell,M,168 Michael Coves Suite 343,June Lake,CA,93529,37.7773,-119.0825,633,Health service manager,37.611839,-118.145062
2019-04-22 14:27,"fraud_Schumm, McLaughlin and Carter",food_dining,137.96,Jessica,Perez,F,8172 Robertson Parkways Suite 072,Superior,AZ,85173,33.2887,-111.0985,2872,Petroleum engineer,33.526983,-110.770553
2019-07-13 06:03,"fraud_Schroeder, Hauck and Treutel",entertainment,13.14,Kristina,Lewis,F,5449 Brandi Heights Apt. 111,Tulsa,OK,74130,36.2395,-95.9596,413574,Bookseller,35.342462,-96.438948
2019-12-06 06:38,"fraud_Rodriguez, Yost and Jenkins",misc_net,63.89,Kimberly,Martin,F,1943 Dennis Inlet Suite 145,Hurricane,WV,25526,38.4257,-81.9943,21902,Sub,38.193559,-82.741957
2019-06-10 04:33,fraud_Kemmer-Buckridge,misc_pos,225.8,Kathleen,Heath,F,9297 Victor Rest Apt. 382,Albuquerque,NM,87116,35.0561,-106.5506,641349,Charity officer,34.283147,-106.146834
2019-10-06 09:29,fraud_Kutch LLC,gas_transport,58.05,Robert,Haynes,M,857 Aaron Circles Suite 398,Johns Island,SC,29455,32.8357,-79.8217,20478,Materials engineer,32.871099,-79.490257
2019-12-07 09:16,fraud_Williamson LLC,misc_pos,51.92,Margaret,Curtis,F,742 Oneill Shore,Florence,MS,39073,32.153,-90.1217,19685,Fine artist,31.923546,-90.2297
2019-12-19 22:46,fraud_Hickle Group,shopping_pos,49.34,Angela,Taylor,F,6343 Ramirez Skyway Apt. 518,Lakeport,CA,95453,39.047,-122.9328,11256,Podiatrist,38.575295,-123.330056
2019-03-06 22:04,fraud_Maggio-Fahey,misc_pos,8.81,Timothy,Gomez,M,707 Anthony Causeway,Leo,IN,46765,41.2249,-85.0301,5341,Biomedical engineer,42.004877,-84.488014
2019-02-16 19:17,"fraud_Watsica, Haag and Considine",shopping_pos,679.08,Angela,Hodges,F,08236 Kim Hill,Indianapolis,IN,46254,39.849,-86.272,910148,Firefighter,39.517214,-85.945557
2019-04-06 20:40,fraud_Connelly-Carter,home,46.35,Sarah,Bishop,F,554 Mcdonald Valley Apt. 539,Meridian,TX,76665,31.929,-97.6443,2526,Phytotherapist,32.052259,-97.126009
2019-07-25 22:28,fraud_Schmeler-Howe,personal_care,69.21,Andrew,Tucker,M,583 Gray Creek,Oak Hill,NY,12460,42.4069,-74.1528,277,Glass blower/designer,42.0743,-74.414937
2019-12-30 03:33,fraud_Huel Ltd,misc_net,115.58,Mark,Tyler,M,82201 Bradley Radial Suite 703,Avera,GA,30803,33.141,-82.515,741,Claims inspector/assessor,32.556591,-81.61178
2019-10-05 03:50,fraud_Marks Inc,gas_transport,7.65,Alan,Taylor,M,560 Molina Path,Oakdale,NY,11769,40.7382,-73.1297,9506,"Biochemist, clinical",39.903672,-73.489265
2019-01-21 02:34,fraud_Harris Inc,gas_transport,9.18,Dorothy,Thomas,F,537 Rice Square Suite 040,Milford,OH,45150,39.1657,-84.233,31394,Hospital doctor,38.833889,-83.308515
2020-03-09 00:44,fraud_Harris Inc,gas_transport,9.6,Traci,Bridges,F,00378 Sarah Burgs Suite 106,Winnsboro,SC,29180,34.381,-81.109,14267,Solicitor,34.112606,-80.729163
2020-01-04 23:17,"fraud_Roob, Conn and Tremblay",shopping_pos,867.21,David,Lewis,M,1499 Michael Rue,Arlington,VA,22213,38.8954,-77.1633,207410,Mudlogger,38.062728,-76.60128
2020-01-12 04:31,fraud_Parisian and Sons,gas_transport,7.13,Xavier,Beltran,M,61107 Edwards Dam Apt. 463,Big Creek,KY,40914,37.1046,-83.5706,467,"Psychologist, forensic",36.567257,-84.422833
2019-12-17 22:19,fraud_Stamm-Witting,shopping_net,965.77,Mark,Rivera,M,383 Contreras Hills Suite 658,Humble,TX,77338,30.0041,-95.2825,194500,Tax adviser,29.804712,-95.968764
2020-01-11 23:53,"fraud_Reichert, Rowe and Mraz",shopping_net,1021.93,Jeffrey,White,M,8617 Holmes Terrace Suite 651,Tuscarora,MD,21790,39.2667,-77.5101,100,"Production assistant, television",39.302537,-77.71329
2019-11-19 23:48,fraud_Bashirian Group,shopping_net,954.72,John,Ross,M,0582 Williams Isle Apt. 039,Nanuet,NY,10954,41.0977,-74.0109,23045,Armed forces training and education officer,41.742872,-73.905733
2019-12-01 03:18,fraud_Corwin-Collins,gas_transport,9.22,Randall,Burgess,M,393 Carroll Route Suite 197,Norman Park,GA,31771,31.2462,-83.6549,5666,Rural practice surveyor,30.584176,-84.330339
2019-02-14 23:21,"fraud_Labadie, Treutel and Bode",shopping_net,1063.4,Gregory,Wallace,M,27203 Darrell Landing,Saint James City,FL,33956,26.529,-82.0916,3776,Sport and exercise psychologist,27.478063,-81.701983
2019-04-20 22:36,fraud_Terry-Huel,shopping_net,1161.42,Dawn,Stephens,F,91542 Marissa Shores Apt. 053,Oran,IA,50664,42.7012,-92.0762,53,Sports administrator,42.613585,-91.079746
2019-04-08 22:26,"fraud_Moore, Dibbert and Koepp",misc_net,913.18,Brianna,Page,F,0043 Henry Plaza,Brantley,AL,36009,31.571,-86.2743,2566,Exercise physiologist,31.146741,-86.785086
2020-02-22 22:58,fraud_Price Inc,shopping_net,1006.25,Karen,Brewer,F,87896 Lisa Burgs,Isanti,MN,55040,45.4682,-93.2266,12568,Theatre director,46.201204,-93.850186
2019-10-19 23:23,fraud_Gleason-Macejkovic,shopping_net,1063.85,Daniel,Briggs,M,7118 Jessica Unions Apt. 789,Moriarty,NM,87035,34.9889,-106.0609,7268,"Therapist, art",35.355015,-105.774325
2019-03-07 22:55,"fraud_Rohan, White and Aufderhar",misc_net,763.11,Christina,Nelson,F,1233 Sutton Road Suite 701,Bynum,TX,76631,31.9907,-96.9837,522,Commercial/residential surveyor,31.794917,-97.863022
2019-10-18 22:51,"fraud_Zboncak, Rowe and Murazik",shopping_net,1128.1,Christopher,Henry,M,1198 Robert Stravenue Apt. 479,Armonk,NY,10504,41.136,-73.7009,7987,Television/film/video producer,41.947473,-74.304581
2019-04-29 22:29,"fraud_Greenfelder, Bartoletti and Davis",misc_net,882.64,Robert,James,M,92021 Miranda Meadows,Tamaroa,IL,62888,38.138,-89.2231,2135,"Development worker, community",37.450577,-89.287773
2019-02-26 22:51,fraud_Hermann and Sons,shopping_pos,874.98,Colleen,Morris,F,89650 Patricia Turnpike,Mount Vernon,NY,10553,40.9086,-73.8221,67100,Chief of Staff,41.0502,-74.083291
2019-11-15 23:58,fraud_Kuhic LLC,shopping_net,956.44,Angela,West,F,9471 Wong Islands,Mansfield,OH,44902,40.7559,-82.5123,92985,Press photographer,41.429801,-83.158234
2019-09-23 22:58,fraud_Schmidt and Sons,shopping_net,875.71,Stanley,Mayo,M,3433 Jones Branch,Fiddletown,CA,95629,38.5234,-120.6763,832,Immigration officer,39.146871,-120.651459
